Module,BaseAddress,Offset,OffsetName,RegName,Bits,FieldName,Access,Active,Description,"DefaultValue
(After reset)"
ISP_CTRL,4001B/1D,000,c_ctrl,ISP_CTRL,17,CNR_EN,RW,,"模块的开关（bypass）
0: CNR is disbaled 
1: CNR is enabled.",
,,,,,14,ISP_CSM_C_RANGE,RW,,"Color Space Matrix chrominance clipping range for ISP output 
0: CbCr range 64..960 (16..240) according to ITU-R BT.601 standard 
1: full UV range 0..1023 ( 0..255) Numbers in brackets are for 8 bit resolution. 
This bit also configures the YCbCr sequence align block 
accordingly.",
,,,,,13,ISP_CSM_Y_RANGE,RW,,"Color Space Matrix luminance clipping range for ISP output 
0: Y range 64..940 (16..235) according to ITU-R BT.601 
standard 
1: full Y range 0..1023 ( 0..255) 
Numbers in brackets are for 8 bit resolution. 
This bit also configures the YCbCr sequence align block 
accordingly.",
,,,,,11,ISP_GAMMA_OUT_ENABLE,RW,,"模块的开关（bypass）
gamma ON/OFF",
,,,,,10,ISP_GEN_CFG_UPD,RW,,"1: generate frame synchronous configuration signal at the
output of ISP for shadow registers of the following processing
modules, write only",
,,,,,9,ISP_CFG_UPD,RW,,"1: immediately configure (update) shadow registers, write only",
,,,,,8,ISP_CFG_UPD_PERMANENT,RW,,"1: permanent configure (update) shadow registers on frame
end.",
,,,,,7,ISP_AWB_ENABLE,RW,,auto white balance ON/OFF,
,,,,,6,ISP_GAMMA_IN_ENABLE,RW,,Gamma in模块的开关（bypass）,
,,,,,4,ISP_INFORM_ENABLE,RW,,inform模块的开关（bypass）,
,,,,,3:1,ISP_MODE,RW,,"输入信号模式选择：
1. 100: RAW data
2. 000:RAW pic
3. x01:CCIR656
4. x10: CCIR601
5. x11:RGBbayer
此处默认5即可",
isp_inform,4001B/1D,004,c_acq_prop,ISP_ACQ_PROP,1,HSYNC_POL,RW,,行列同步信号的极性选择,
,,,,,2,VSYNC_POL,RW,,,
,,,,,14:12,INPUT_SELECTION,RW,,选择合适的输入类型，数据类型（LSBs、MSBs）,
,,,,,10:9,FIELD_SELECTION,RW,,"可配置的隔行扫描配置器，分别是：
1. 全部
2. 奇数行
3. 偶数行",
,,,,,11,FIELD_INV,RW,,,
,,,,,4:3,BAYER_PAT,RW,,选择不同的bayer阵列配置,
,,008,c_acq_h_offs,ISP_ACQ_H_OFFS,14:0,ACQ_H_OFFS,RW,,选择输出到BLS的采样窗口,
,,00C,c_acq_v_offs,ISP_ACQ_V_OFFS,13:0,ACQ_V_OFFS,RW,,选择输出到BLS的采样窗口,
,,010,c_acq_h_size,ISP_ACQ_H_SIZE,14:0,ACQ_H_SIZE,RW,,选择输出到BLS的采样窗口,
,,014,c_acq_v_size,ISP_ACQ_V_SIZE,13:0,ACQ_V_SIZE,RW,,选择输出到BLS的采样窗口,
isp_outform,4001B/1D,174,c_out_hoffs,ISP_OUT_H_OFFS,13:0,ISP_OUT_H_OFFS,RW,,在inform传来的的区域内选择最终的图像窗口,
,,178,c_out_voffs,ISP_OUT_V_OFFS,13:0,ISP_OUT_V_OFFS,RW,,在inform传来的的区域内选择最终的图像窗口,
,,17C,c_out_hsize,ISP_OUT_H_SIZE,14:0,ISP_OUT_H_SIZE,RW,,在inform传来的的区域内选择最终的图像窗口,
,,180,c_out_vsize,ISP_OUT_V_SIZE,13:0,ISP_OUT_V_SIZE,RW,,在inform传来的的区域内选择最终的图像窗口,
,,18C,c_out_hoffs_shd,ISP_OUT_H_OFFS_SHD,13:0,ISP_OUT_H_OFFS_SHD,R,,检查shadow寄存器中的参数是否配置正确,
,,190,c_out_voffs_shd,ISP_OUT_V_OFFS_SHD,13:0,ISP_OUT_V_OFFS_SHD,R,,检查shadow寄存器中的参数是否配置正确,
,,194,c_out_hsize_shd,ISP_OUT_H_SIZE_SHD,14:0,ISP_OUT_H_SIZE_SHD,R,,检查shadow寄存器中的参数是否配置正确,
,,198,c_out_vsize_shd,ISP_OUT_V_SIZE_SHD,13:0,ISP_OUT_V_SIZE_SHD,R,,检查shadow寄存器中的参数是否配置正确,
BLS,4001B/1D,A00,c_bls_ctrl,ISP_BLS_CTRL,0,BLS_ENABLE,RW,,模块的开关（bypass）,
,,,,,1,BLS_MODE,RW,,"1. 固定数值模式；
2. 窗口测量模式。",
,,,,,3:2,WINDOW_ENABLE,RW,,"在窗口测量模式下选择具体的窗口数量：
1. 窗口1模式；
2. 窗口2模式；
3. 双窗口模式。",
,,A04,c_bls_samples,BLS_SAMPLES,4:0,BLS_SAMPLES,RW,,测量区域的样本像素数量,
,,A08,c_bls_h1_start,ISP_BLS_H1_START,13:0,BLS_H1_START,RW,,"在窗口测量模式下两个窗口位置配置测试：
1. 配置窗口1的位置
2. 配置窗口2的配置",
,,A0C,c_bls_h1_stop,ISP_BLS_H1_STOP,13:0,BLS_H1_STOP,RW,,,
,,A10,c_bls_v1_start,ISP_BLS_V1_START,13:0,BLS_V1_START,RW,,,
,,A14,c_bls_v1_stop,ISP_BLS_V1_STOP,13:0,BLS_V1_STOP,RW,,,
,,A18,c_bls_h2_start,ISP_BLS_H2_START,13:0,BLS_H2_START,RW,,,
,,A1C,c_bls_h2_stop,ISP_BLS_H2_STOP,13:0,BLS_H2_STOP,RW,,,
,,A20,c_bls_v2_start,ISP_BLS_V2_START,13:0,BLS_V2_START,RW,,,
,,A24,c_bls_v2_stop,ISP_BLS_V2_STOP,13:0,BLS_V2_STOP,RW,,,
,,A28,c_bls_a_fixed,ISP_BLS_A_FIXED,12:0,BLS_A_FIXED,RW,,在固定数值模式下对黑店平计算配置固定的参数,
,,A2C,c_bls_b_fixed,ISP_BLS_B_FIXED,12:0,BLS_B_FIXED,RW,,,
,,A30,c_bls_c_fixed,ISP_BLS_C_FIXED,12:0,BLS_C_FIXED,RW,,,
,,A34,c_bls_d_fixed,ISP_BLS_D_FIXED,12:0,BLS_D_FIXED,RW,,,
,,A38,c_bls_a_measured,ISP_BLS_A_MEASURED,11:0,BLS_A_MEASURED,R,,读取窗口测量模式下的测量结果,
,,A3c,c_bls_b_measured,ISP_BLS_B_MEASURED,11:0,BLS_B_MEASURED,R,,,
,,A40,c_bls_c_measured,ISP_BLS_C_MEASURED,11:0,BLS_C_MEASURED,R,,,
,,A44,c_bls_d_measured,ISP_BLS_D_MEASURED,11:0,BLS_D_MEASURED,R,,,
Gamma_in,4001B/1D,"01C
",c_gamma_dx0,ISP_GAMMA_DX_LO,2:0,GAMMA_DX_1,RW,,,
,,,,,6:4,GAMMA_DX_2,RW,,,
,,,,,10:8,GAMMA_DX_3,RW,,,
,,,,,14:12,GAMMA_DX_4,RW,,,
,,,,,18:16,GAMMA_DX_5,RW,,,
,,,,,22:20,GAMMA_DX_6,RW,,,
,,,,,26:24,GAMMA_DX_7,RW,,,
,,,,,30:28,GAMMA_DX_8,RW,,,
,,020,"c_gamma_dx1
",ISP_GAMMA_DX_HI,2:0,GAMMA_DX_9,RW,,,
,,,,,6:4,GAMMA_DX_10,RW,,,
,,,,,10:8,GAMMA_DX_11,RW,,,
,,,,,14:12,GAMMA_DX_12,RW,,,
,,,,,18:16,GAMMA_DX_13,RW,,,
,,,,,22:20,GAMMA_DX_14,RW,,,
,,,,,26:24,GAMMA_DX_15,RW,,,
,,,,,30:28,GAMMA_DX_16,RW,,,
,,024,c_gamma_r_y0,ISP_GAMMA_R_Y_0,11:0,GAMMA_R_Y_0,RW,,调整gamma矫正曲线的y轴采样点的值，与x轴采样点配置联合作用。分为RGB三条曲线：r_y0到r_y16,
,,028,c_gamma_r_y1,ISP_GAMMA_R_Y_1,11:0,GAMMA_R_Y_1,RW,,,
,,02C,c_gamma_r_y2,ISP_GAMMA_R_Y_2,11:0,GAMMA_R_Y_2,RW,,,
,,030,c_gamma_r_y3,ISP_GAMMA_R_Y_3,11:0,GAMMA_R_Y_3,RW,,,
,,034,c_gamma_r_y4,ISP_GAMMA_R_Y_4,11:0,GAMMA_R_Y_4,RW,,,
,,038,c_gamma_r_y5,ISP_GAMMA_R_Y_5,11:0,GAMMA_R_Y_5,RW,,,
,,03C,c_gamma_r_y6,ISP_GAMMA_R_Y_6,11:0,GAMMA_R_Y_6,RW,,,
,,040,c_gamma_r_y7,ISP_GAMMA_R_Y_7,11:0,GAMMA_R_Y_7,RW,,,
,,044,c_gamma_r_y8,ISP_GAMMA_R_Y_8,11:0,GAMMA_R_Y_8,RW,,,
,,048,c_gamma_r_y9,ISP_GAMMA_R_Y_9,11:0,GAMMA_R_Y_9,RW,,,
,,04C,c_gamma_r_y10,ISP_GAMMA_R_Y_10,11:0,GAMMA_R_Y_10,RW,,,
,,050,c_gamma_r_y11,ISP_GAMMA_R_Y_11,11:0,GAMMA_R_Y_11,RW,,,
,,054,c_gamma_r_y12,ISP_GAMMA_R_Y_12,11:0,GAMMA_R_Y_12,RW,,,
,,058,c_gamma_r_y13,ISP_GAMMA_R_Y_13,11:0,GAMMA_R_Y_13,RW,,,
,,05C,c_gamma_r_y14,ISP_GAMMA_R_Y_14,11:0,GAMMA_R_Y_14,RW,,,
,,060,c_gamma_r_y15,ISP_GAMMA_R_Y_15,11:0,GAMMA_R_Y_15,RW,,,
,,064,c_gamma_r_y16,ISP_GAMMA_R_Y_16,11:0,GAMMA_R_Y_16,RW,,,
,,068,c_gamma_g_y0,ISP_GAMMA_G_Y_0,11:0,GAMMA_G_Y_0,RW,,调整gamma矫正曲线的y轴采样点的值，与x轴采样点配置联合作用。分为RGB三条曲线：g_y0到g_y16,
,,06C,c_gamma_g_y1,ISP_GAMMA_G_Y_1,11:0,GAMMA_G_Y_1,RW,,,
,,070,c_gamma_g_y2,ISP_GAMMA_G_Y_2,11:0,GAMMA_G_Y_2,RW,,,
,,074,c_gamma_g_y3,ISP_GAMMA_G_Y_3,11:0,GAMMA_G_Y_3,RW,,,
,,078,c_gamma_g_y4,ISP_GAMMA_G_Y_4,11:0,GAMMA_G_Y_4,RW,,,
,,07C,c_gamma_g_y5,ISP_GAMMA_G_Y_5,11:0,GAMMA_G_Y_5,RW,,,
,,080,c_gamma_g_y6,ISP_GAMMA_G_Y_6,11:0,GAMMA_G_Y_6,RW,,,
,,084,c_gamma_g_y7,ISP_GAMMA_G_Y_7,11:0,GAMMA_G_Y_7,RW,,,
,,088,c_gamma_g_y8,ISP_GAMMA_G_Y_8,11:0,GAMMA_G_Y_8,RW,,,
,,08C,c_gamma_g_y9,ISP_GAMMA_G_Y_9,11:0,GAMMA_G_Y_9,RW,,,
,,090,c_gamma_g_y10,ISP_GAMMA_G_Y_10,11:0,GAMMA_G_Y_10,RW,,,
,,094,c_gamma_g_y11,ISP_GAMMA_G_Y_11,11:0,GAMMA_G_Y_11,RW,,,
,,098,c_gamma_g_y12,ISP_GAMMA_G_Y_12,11:0,GAMMA_G_Y_12,RW,,,
,,09C,c_gamma_g_y13,ISP_GAMMA_G_Y_13,11:0,GAMMA_G_Y_13,RW,,,
,,0A0,c_gamma_g_y14,ISP_GAMMA_G_Y_14,11:0,GAMMA_G_Y_14,RW,,,
,,0A4,c_gamma_g_y15,ISP_GAMMA_G_Y_15,11:0,GAMMA_G_Y_15,RW,,,
,,0A8,c_gamma_g_y16,ISP_GAMMA_G_Y_16,11:0,GAMMA_G_Y_16,RW,,,
,,0AC,c_gamma_b_y0,ISP_GAMMA_B_Y_0,11:0,GAMMA_B_Y_0,RW,,调整gamma矫正曲线的y轴采样点的值，与x轴采样点配置联合作用。分为RGB三条曲线：b_y0到b_y16,
,,0B0,c_gamma_b_y1,ISP_GAMMA_B_Y_1,11:0,GAMMA_B_Y_1,RW,,,
,,0B4,c_gamma_b_y2,ISP_GAMMA_B_Y_2,11:0,GAMMA_B_Y_2,RW,,,
,,0B8,c_gamma_b_y3,ISP_GAMMA_B_Y_3,11:0,GAMMA_B_Y_3,RW,,,
,,0BC,c_gamma_b_y4,ISP_GAMMA_B_Y_4,11:0,GAMMA_B_Y_4,RW,,,
,,0C0,c_gamma_b_y5,ISP_GAMMA_B_Y_5,11:0,GAMMA_B_Y_5,RW,,,
,,0C4,c_gamma_b_y6,ISP_GAMMA_B_Y_6,11:0,GAMMA_B_Y_6,RW,,,
,,0C8,c_gamma_b_y7,ISP_GAMMA_B_Y_7,11:0,GAMMA_B_Y_7,RW,,,
,,0CC,c_gamma_b_y8,ISP_GAMMA_B_Y_8,11:0,GAMMA_B_Y_8,RW,,,
,,0D0,c_gamma_b_y9,ISP_GAMMA_B_Y_9,11:0,GAMMA_B_Y_9,RW,,,
,,0D4,c_gamma_b_y10,ISP_GAMMA_B_Y_10,11:0,GAMMA_B_Y_10,RW,,,
,,0D8,c_gamma_b_y11,ISP_GAMMA_B_Y_11,11:0,GAMMA_B_Y_11,RW,,,
,,0DC,c_gamma_b_y12,ISP_GAMMA_B_Y_12,11:0,GAMMA_B_Y_12,RW,,,
,,0E0,c_gamma_b_y13,ISP_GAMMA_B_Y_13,11:0,GAMMA_B_Y_13,RW,,,
,,0E4,c_gamma_b_y14,ISP_GAMMA_B_Y_14,11:0,GAMMA_B_Y_14,RW,,,
,,0E8,c_gamma_b_y15,ISP_GAMMA_B_Y_15,11:0,GAMMA_B_Y_15,RW,,,
,,0EC,c_gamma_b_y16,ISP_GAMMA_B_Y_16,11:0,GAMMA_B_Y_16,RW,,,
LSC,4001B/1D,500,c_lsc_ctrl,ISP_LSC_CTRL,0,cfg_lsc_en,RW,,模块的开关（bypass）,
,,504,c_lsc_r_table_addr,ISP_LSC_R_TABLE_ADDR,8:0,r_ram_addr,RWH,,"table address in RAM for samples of the R color component.
Will be automatically incremented by each read or write access to the table.
Valid addresses are in the range 0 to 152.",
,,508,c_lsc_gr_table_addr,ISP_LSC_GR_TABLE_ADDR,8:0,gr_ram_addr,RWH,,"table address in RAM for samples of the G_R color component.
Will be automatically incremented by each read or write access to the table.",
,,50C,c_lsc_b_table_addr,ISP_LSC_B_TABLE_ADDR,8:0,b_ram_addr,RWH,,"table address in RAM for samples of the B color component.
Will be automatically incremented by each read or write access to the table.",
,,510,c_lsc_gb_table_addr,ISP_LSC_GB_TABLE_ADDR,8:0,gb_ram_addr,RWH,,"table address in RAM for samples of the G_B color component.
Will be automatically incremented by each read or write access to the table.",
,,514,c_lsc_r_table_data,ISP_LSC_R_TABLE_DATA,23:12,r_sample_1,RW,,"correction factor at sample point (fixed point number: 2 bits integer with 10-bit fractional part, range 1..3.999)",
,,,,,11:0,r_sample_0,RW,,,
,,518,c_lsc_gr_table_data,ISP_LSC_GR_TABLE_DATA,23:12,gr_sample_1,RW,,"correction factor at sample point (fixed point number: 2 bits integer with 10-bit fractional part, range 1..3.999)",
,,,,,11:0,gr_sample_0,RW,,,
,,51C,c_lsc_b_table_data,ISP_LSC_B_TABLE_DATA,23:12,b_sample_1,RW,,"correction factor at sample point (fixed point number: 2 bits integer with 10-bit fractional part, range 1..3.999)",
,,,,,11:0,b_sample_0,RW,,,
,,520,c_lsc_gb_table_data,ISP_LSC_GB_TABLE_DATA,23:12,gb_sample_1,RW,,"correction factor at sample point (fixed point number: 2 bits integer with 10-bit fractional part, range 1..3.999)",
,,,,,11:0,gb_sample_0,RW,,,
,,524,c_lsc_xgrad_01,ISP_LSC_XGRAD_01,11:0,xgrad_0,RW,,配置各区域图像梯度，离散校正值由具有12比特宽度的整数值表示，其中1024表示因子1。4095的最大值表示大约3.999的因子。通常，校正值大于或等于1024，以保证全范围传递函数。,
,,,,,27:16,xgrad_1,RW,,,
,,528,c_lsc_xgrad_23,ISP_LSC_XGRAD_23,11:0,xgrad_2,RW,,,
,,,,,27:16,xgrad_3,RW,,,
,,52C,c_lsc_xgrad_45,ISP_LSC_XGRAD_45,11:0,xgrad_4,RW,,,
,,,,,27:16,xgrad_5,RW,,,
,,530,c_lsc_xgrad_67,ISP_LSC_XGRAD_67,11:0,xgrad_6,RW,,,
,,,,,27:16,xgrad_7,RW,,,
,,534,c_lsc_ygrad_01,ISP_LSC_YGRAD_01,11:0,ygrad_0,RW,,配置各区域图像梯度，离散校正值由具有12比特宽度的整数值表示，其中1024表示因子1。4095的最大值表示大约3.999的因子。通常，校正值大于或等于1024，以保证全范围传递函数。,
,,,,,27:16,ygrad_1,RW,,,
,,538,c_lsc_ygrad_23,ISP_LSC_YGRAD_23,11:0,ygrad_2,RW,,,
,,,,,27:16,ygrad_3,RW,,,
,,53C,c_lsc_ygrad_45,ISP_LSC_YGRAD_45,11:0,ygrad_4,RW,,,
,,,,,27:16,ygrad_5,RW,,,
,,540,c_lsc_ygrad_67,ISP_LSC_YGRAD_67,11:0,ygrad_6,RW,,,
,,,,,27:16,ygrad_7,RW,,,
,,544,c_lsc_xsize_01,ISP_LSC_XSIZE_01,9:0,x_size_0,RW,,配置图像x轴尺寸参数，分别是x0到x7，要求：尺寸必须大于7，8个x轴的参数的和必须为图像宽的一半,
,,,,,25:16,x_size_1,RW,,,
,,548,c_lsc_xsize_23,ISP_LSC_XSIZE_23,9:0,x_size_2,RW,,,
,,,,,25:16,x_size_3,RW,,,
,,54C,c_lsc_xsize_45,ISP_LSC_XSIZE_45,9:0,x_size_4,RW,,,
,,,,,25:16,x_size_5,RW,,,
,,550,c_lsc_xsize_67,ISP_LSC_XSIZE_67,9:0,x_size_6,RW,,,
,,,,,25:16,x_size_7,RW,,,
,,"554

",c_lsc_ysize_01,ISP_LSC_YSIZE_01,9:0,y_size_0,RW,,配置图像y轴尺寸参数，分别是y0到y7，要求：尺寸必须大于7，8个y轴的参数的和必须为图像高的一半,
,,,,,25:16,y_size_1,RW,,,
,,"558
",c_lsc_ysize_23,ISP_LSC_YSIZE_23,9:0,y_size_2,RW,,,
,,,,,25:16,y_size_3,RW,,,
,,55C,c_lsc_ysize_45,ISP_LSC_YSIZE_45,9:0,y_size_4,RW,,,
,,,,,25:16,y_size_5,RW,,,
,,560,c_lsc_ysize_67,ISP_LSC_YSIZE_67,9:0,y_size_6,RW,,,
,,,,,25:16,y_size_7,RW,,,
,,564,c_lsc_table_sel_idx,ISP_LSC_TABLE_SEL,0,table_sel,RW,,"0: next active tables set is table set 0.
1: next active tables set is table set 1.
Table selection is object of a shadowing mechnism. The current status is visible at ISP_LSC_STATUS::active_table.",
,,568,c_lsc_status,ISP_LSC_STATUS,1,active_table,R,,"active_table:
0: currently active tables set is table set 0
1: currently active tables set is table set 1
lsc_en_status:
0: lens shading correction is currently off
1: lens shading correction is currently on",
,,,,,0,lsc_en_status,R,,,
DPCC,4001B/1D,C00,c_dpcc_mode,ISP_DPCC_MODE,2,STAGE1_ENABLE,RW,,"1: enable stage1 *Default*
0: bypass stage1",
,,,,,1,GRAYSCALE_MODE,RW,,"1: enable gray scale data input from black and white sensors (without color filter array)
0: BAYER DATA INPUT *Default*",
,,,,,0,ISP_DPCC_enable,RW,,"1: enable DPCC
0: bypass DPCC *Default*",
,,C04,c_dpcc_out_mode,ISP_DPCC_OUTPUT_MODE,"3
",STAGE1_RB_3x3,RW,,"1: stage1 red/blue 9 pixel (3x3) output median
0: stage1 red/blue 4 or 5 pixel output median *Default*",
,,,,,2,STAGE1_G_3x3,RW,,"1: stage1 green 9 pixel (3x3) output median
0: stage1 green 4 or 5 pixel output median *Default*",
,,,,,1,STAGE1_INCL_RB_CENTER,RW,,"1: stage1 include center pixel for red/blue output median 2x2+1
*Default* 0: stage1 do not include center pixel for red/blue output median 2x2",
,,,,,0,STAGE1_INCL_GREEN_CENTER,RW,,"1: stage1 include center pixel for green output median 2x2+1 *Default*
0: stage1 do not include center pixel for green output median 2x2",
,,C08,c_dpcc_set_use,ISP_DPCC_SET_USE,3,STAGE1_USE_FIX_SET,RW,,"1: stage1 use hard coded methods set *Default*
0: stage1 do not use hard coded methods set",
,,,,,2,STAGE1_USE_SET_3,RW,,"1: stage1 use methods set 3
0: stage1 do not use methods set 3 *Default*",
,,,,,1,STAGE1_USE_SET_2,RW,,"1: stage1 use methods set 2
0: stage1 do not use methods set 2 *Default*",
,,,,,0,STAGE1_USE_SET_1,RW,,"1: stage1 use methods set 1 *Default*
0: stage1 do not use methods set 1",
,,C0C,c_dpcc_methods_set1,ISP_DPCC_METHODS_SET_1,12,RG_RED_BLUE1_ENABLE,RW,,"red-blue1通道的检查enable：
1. Rank Gradient check
2. Rank Neighbor Difference check
3. Rank Order check
4. Line check
5. Peak Gradient check",
,,,,,11,RND_RED_BLUE1_ENABLE,RW,,,
,,,,,10,RG_RED_BLUE1_ENABLE,RW,,,
,,,,,9,LC_RED_BLUE1_ENABLE,RW,,,
,,,,,8,PG_RED_BLUE1_ENABLE,RW,,,
,,,,,4,RG_GREEN1_ENABLE,RW,,"green1通道的检查enable：
1. Rank Gradient check
2. Rank Neighbor Difference check
3. Rank Order check
4. Line check
5. Peak Gradient check",
,,,,,3,RND_GREEN1_ENABLE,RW,,,
,,,,,2,RG_GREEN1_ENABLE,RW,,,
,,,,,1,LC_GREEN1_ENABLE,RW,,,
,,,,,0,PG_GREEN1_ENABLE,RW,,,
,,C10,c_dpcc_methods_set2,ISP_DPCC_METHODS_SET_2,12,RG_RED_BLUE2_ENABLE,RW,,"red-blue2通道的检查enable：
1. Rank Gradient check
2. Rank Neighbor Difference check
3. Rank Order check
4. Line check
5. Peak Gradient check",
,,,,,11,RND_RED_BLUE2_ENABLE,RW,,,
,,,,,10,RG_RED_BLUE2_ENABLE,RW,,,
,,,,,9,LC_RED_BLUE2_ENABLE,RW,,,
,,,,,8,PG_RED_BLUE2_ENABLE,RW,,,
,,,,,4,RG_GREEN2_ENABLE,RW,,"green2通道的检查enable：
1. Rank Gradient check
2. Rank Neighbor Difference check
3. Rank Order check
4. Line check
5. Peak Gradient check",
,,,,,3,RND_GREEN2_ENABLE,RW,,,
,,,,,2,RG_GREEN2_ENABLE,RW,,,
,,,,,1,LC_GREEN2_ENABLE,RW,,,
,,,,,0,PG_GREEN2_ENABLE,RW,,,
,,C14,c_dpcc_methods_set3,ISP_DPCC_METHODS_SET_3,12,RG_RED_BLUE3_ENABLE,RW,,"red-blue3通道的检查enable：
1. Rank Gradient check
2. Rank Neighbor Difference check
3. Rank Order check
4. Line check
5. Peak Gradient check",
,,,,,11,RND_RED_BLUE3_ENABLE,RW,,,
,,,,,10,RG_RED_BLUE3_ENABLE,RW,,,
,,,,,9,LC_RED_BLUE3_ENABLE,RW,,,
,,,,,8,PG_RED_BLUE3_ENABLE,RW,,,
,,,,,4,RG_GREEN3_ENABLE,RW,,"green3通道的检查enable：
1. Rank Gradient check
2. Rank Neighbor Difference check
3. Rank Order check
4. Line check
5. Peak Gradient check",
,,,,,3,RND_GREEN3_ENABLE,RW,,,
,,,,,2,RG_GREEN3_ENABLE,RW,,,
,,,,,1,LC_GREEN3_ENABLE,RW,,,
,,,,,0,PG_GREEN3_ENABLE,RW,,,
,,C18,c_dpcc_line_thresh_1,ISP_DPCC_LINE_THRESH_1,15:8,LINE_THR_1_RB,RW,,1. line threshold for set 1 red/blue,
,,,,,7:0,LINE_THR_1_G,RW,,2. line threshold for set 1 green,
,,C1C,c_dpcc_line_mad_fac_1,ISP_DPCC_LINE_MAD_FAC_1,13:8,LINE_MAD_FAC_1_RB,RW,,3. line Mean Absolute Difference (MAD) factor for set 1 red/blue,
,,,,,5:0,LINE_MAD_FAC_1_G,RW,,4. line Mean Absolute Difference (MAD) factor for set 1 green,
,,C20,c_dpcc_pg_fac_1,ISP_DPCC_PG_FAC_1,13:8,PG_FAC_1_RB,RW,,5. Peak gradient factor for set 1 red/blue,
,,,,,5:0,PG_FAC_1_G,RW,,6. Peak gradient factor for set 1 green,
,,C24,c_dpcc_rnd_thresh_1,ISP_DPCC_RND_THRESH_1,15:8,RND_THR_1_RB,RW,,7. Rank Neighbor Difference threshold for set 1 red/blue,
,,,,,7:0,RND_THR_1_G,RW,,8. Rank Neighbor Difference threshold for set 1 green,
,,C28,c_dpcc_rg_fac_1,ISP_DPCC_RG_FAC_1,13:8,RG_FAC_1_RB,RW,,9. Rank gradient factor for set 1 red/blue,
,,,,,5:0,RG_FAC_1_G,RW,,10. Rank gradient factor for set 1 green,
,,C2C,c_dpcc_line_thresh_2,ISP_DPCC_LINE_THRESH_2,15:8,LINE_THR_2_RB,RW,,1. line threshold for set 2 red/blue,
,,,,,7:0,LINE_THR_2_G,RW,,2. line threshold for set 2 green,
,,C30,c_dpcc_line_mad_fac_2,ISP_DPCC_LINE_MAD_FAC_2,13:8,LINE_MAD_FAC_2_RB,RW,,3. line Mean Absolute Difference (MAD) factor for set 2 red/blue,
,,,,,5:0,LINE_MAD_FAC_2_G,RW,,4. line Mean Absolute Difference (MAD) factor for set 2 green,
,,C34,c_dpcc_pg_fac_2,ISP_DPCC_PG_FAC_2,13:8,PG_FAC_2_RB,RW,,5. Peak gradient factor for set 2 red/blue,
,,,,,5:0,PG_FAC_2_G,RW,,6. Peak gradient factor for set 2 green,
,,C38,c_dpcc_rnd_thresh_2,ISP_DPCC_RND_THRESH_2,15:8,RND_THR_2_RB,RW,,7. Rank Neighbor Difference threshold for set 2 red/blue,
,,,,,7:0,RND_THR_2_G,RW,,8. Rank Neighbor Difference threshold for set 2 green,
,,C3C,c_dpcc_rg_fac_2,ISP_DPCC_RG_FAC_2,13:8,RG_FAC_2_RB,RW,,9. Rank gradient factor for set 2 red/blue,
,,,,,5:0,RG_FAC_2_G,RW,,10. Rank gradient factor for set 2 green,
,,C40,c_dpcc_line_thresh_3,ISP_DPCC_LINE_THRESH_3,15:8,LINE_THR_3_RB,RW,,1. line threshold for set 3 red/blue,
,,,,,7:0,LINE_THR_3_G,RW,,2. line threshold for set 3 green,
,,C44,c_dpcc_line_mad_fac_3,ISP_DPCC_LINE_MAD_FAC_3,13:8,LINE_MAD_FAC_3_RB,RW,,3. line Mean Absolute Difference (MAD) factor for set 3 red/blue,
,,,,,5:0,LINE_MAD_FAC_3_G,RW,,4. line Mean Absolute Difference (MAD) factor for set 3 green,
,,C48,c_dpcc_pg_fac_3,ISP_DPCC_PG_FAC_3,13:8,PG_FAC_3_RB,RW,,5. Peak gradient factor for set 3 red/blue,
,,,,,5:0,PG_FAC_3_G,RW,,6. Peak gradient factor for set 3 green,
,,C4C,c_dpcc_rnd_thresh_3,ISP_DPCC_RND_THRESH_3,15:8,RND_THR_3_RB,RW,,7. Rank Neighbor Difference threshold for set 3 red/blue,
,,,,,7:0,RND_THR_3_G,RW,,8. Rank Neighbor Difference threshold for set 3 green,
,,C50,c_dpcc_rg_fac_3,ISP_DPCC_RG_FAC_3,13:8,RG_FAC_3_RB,RW,,9. Rank gradient factor for set 3 red/blue,
,,,,,5:0,RG_FAC_3_G,RW,,10. Rank gradient factor for set 3 green,
,,C54,c_dpcc_ro_limits,ISP_DPCC_RO_LIMITS,11:10,RO_LIM_3_RB,RW,,11. Rank order limit for set 3 red/blue,
,,,,,9:8,RO_LIM_3_G,RW,,12. Rank order limit for set 3 green,
,,,,,7:6,RO_LIM_2_RB,RW,,11. Rank order limit for set 2 red/blue,
,,,,,5:4,RO_LIM_2_G,RW,,12. Rank order limit for set 2 green,
,,,,,3:2,RO_LIM_1_RB,RW,,11. Rank order limit for set 1 red/blue,
,,,,,1:0,RO_LIM_1_G,RW,,12. Rank order limit for set 1 green,
,,C58,c_dpcc_rnd_offs,ISP_DPCC_RND_OFFS,11:10,RND_OFFS_3_RB,RW,,13. Rank Offset to Neighbor for set 3 red/blue,
,,,,,9:8,RND_OFFS_3_G,RW,,14. Rank Offset to Neighbor for set 3 green,
,,,,,7:6,RND_OFFS_2_RB,RW,,13. Rank Offset to Neighbor for set 2 red/blue,
,,,,,5:4,RND_OFFS_2_G,RW,,14. Rank Offset to Neighbor for set 2 green,
,,,,,3:2,RND_OFFS_1_RB,RW,,13. Rank Offset to Neighbor for set 1 red/blue,
,,,,,1:0,RND_OFFS_1_G,RW,,14. Rank Offset to Neighbor for set 1 green,
,,C5C,c_dpcc_bpt_ctrl,ISP_DPCC_BPT_CTRL,11,BPT_RB_3x3,RW,,"1: if BPT active red/blue 9 pixel (3x3) output median
0: if BPT active red/blue 4 or 5 pixel output median *Default*",
,,,,,10,BPT_G_3x3,RW,,"1: if BPT active green 9 pixel (3x3) output median
0: if BPT active green 4 or 5 pixel output median *Default*",
,,,,,9,BPT_INCL_RB_CENTER,RW,,"1: if BPT active include center pixel for red/blue output median
2x2+1
0: if BPT active do not include center pixel for red/blue output
median 2x2 *Default*",
,,,,,8,BPT_INCL_GREEN_CENTER,RW,,"1: if BPT active include center pixel for green output median
2x2+1
0: if BPT active do not include center pixel for green output
median 2x2 *Default*",
,,,,,7,BPT_USE_FIX_SET,RW,,"1: for BPT write use hard coded methods set
0: for BPT write do not use hard coded methods set *Default*",
,,,,,6,BPT_USE_SET_3,RW,,"1: for BPT write use methods set 3
0: for BPT write do not use methods set 3 *Default*",
,,,,,5,BPT_USE_SET_2,RW,,"1: for BPT write use methods set 2
0: for BPT write do not use methods set 2 *Default*",
,,,,,4,BPT_USE_SET_1,RW,,"1: for BPT write use methods set 1
0: for BPT write do not use methods set 1 *Default*",
,,,,,1,bpt_cor_en,RW,,"table based correction enable
1: table based correction is enabled
0: table based correction is disabled",
,,,,,0,bpt_det_en,RW,,"Bad pixel detection write enable
1: bad pixel detection write to memory is enabled
0: bad pixel detection write to memory is disabled",
,,C60,c_dpcc_bpt_num,ISP_DPCC_BPT_NUMBER,10:0,bp_number,RWH,,Number of current Bad Pixel entries in bad pixel table (BPT),
,,C64,c_dpcc_bpt_table_addr,ISP_DPCC_BPT_ADDR,10:0,bp_table_addr,RWH,,"Table RAM start address for read or write operations. The
address counter is incremented at each read or write access to
the data register (auto-increment mechanism).",
,,C68,c_dpcc_bpt_table_data,ISP_DPCC_BPT_DATA,27:16,bpt_v_addr,RWH,,Bad Pixel vertical address (pixel position),
,,,,,12:0,bpt_h_addr,RWH,,Bad Pixel horizontal address (pixel position),
DPF,4001B/1D,B00,c_dpf_mode,ISP_DPF_MODE,9,USE_NF_GAIN,RW,,"1: DPF_NF_GAINs will be used.
0: DPF_NF_GAINs will not be used. *Default*",
,,,,,8,LSC_GAIN_COMP,RW,,"1: LSC gain will be processed
0: LSC gain will not be processed. Use LSC gain factor of 1.
*Default*",
,,,,,7,AWB_GAIN_COMP,RW,,"Only relevant when use_nf_gain == 0 &&
ISP_CTRL::ISP_AWB_ENABLE ==1
1: ISP_AWB gains will be processed
0: ISP_AWB gains will not be processed. Use AWB gain factor
of 1. *Default*",
,,,,,6,NLL_SEGMENTATION,RW,,"1: optimized logarithmic like segmentation for Noise Level
Lookup (NLL)
0: equidistant segmentation for NLL *Default*",
,,,,,5,RB_FILTER_SIZE,RW,,"RB通道滤波尺寸选择：
1: Red and Blue filter kernel size of 9x9 (5x5 active) pixels
0: Wide Red and Blue filter kernel size of 13x9 (7x5 active)
pixels *Default*",
,,,,,4,R_FILTER_OFF,RW,,"各通道处理滤波开关：
1: disable filter processing for red pixels
0: filter R pixels *Default*",
,,,,,3,GR_FILTER_OFF,RW,,"各通道处理滤波开关：
1: disable filter processing for red pixels
0: filter R pixels *Default*",
,,,,,2,GB_FILTER_OFF,RW,,"各通道处理滤波开关：
1: disable filter processing for red pixels
0: filter R pixels *Default*",
,,,,,1,B_FILTER_OFF,RW,,"各通道处理滤波开关：
1: disable filter processing for red pixels
0: filter R pixels *Default*",
,,,,,0,DPF_ENABLE,RW,,模块的开关（bypass）,
,,B04,c_dpf_inv_stren_r,ISP_DPF_STRENGTH_R,7:0,INV_WEIGHT_R,RW,,"Filter strength of the filter is determined by weight. Default is a weight of 1. A higher weight increases the filter strength. In this register the unsigned 8 bit value 64/weight is stored.
The following values show examples:
weight=0.251 -> 255, weight=0.5 -> 128,
weight=1 -> 64 *default*
weight=1.25 -> 51, weight=1.5 -> 42,
weight=1.75 -> 37, weight=2 -> 32",
,,B08,c_dpf_inv_stren_g,ISP_DPF_STRENGTH_G,7:0,INV_WEIGHT_G,RW,,,
,,B0C,c_dpf_inv_stren_b,ISP_DPF_STRENGTH_B,7:0,INV_WEIGHT_B,RW,,,
,,B10,c_dpf_sp_weight_g14,ISP_DPF_S_WEIGHT_G_1_4,28:24,S_WEIGHT_G4,RW,,"滤波系数配置
Filter Coefficient green channel S_WEIGHT_G6
5 bit unsigned, value range 1/16 to 16/16
Default value is 16/16 (*Default*)",
,,,,,20:16,S_WEIGHT_G3,RW,,,
,,,,,12:8,S_WEIGHT_G2,RW,,,
,,,,,4:0,S_WEIGHT_G1,RW,,,
,,B14,"c_dpf_sp_weight_g56
",ISP_DPF_S_WEIGHT_G_5_6,12:8,S_WEIGHT_G6,RW,,,
,,,,,4:0,S_WEIGHT_G5,RW,,,
,,B18,c_dpf_sp_weight_rb14,ISP_DPF_S_WEIGHT_RB_1_4,28:24,S_WEIGHT_RB4,RW,,"Filter Coefficient red/blue channels S_WEIGHT_RB4
5 bit unsigned, value range 1/16 to 16/16
Default value is 16/16 (*Default*)",
,,,,,20:16,S_WEIGHT_RB3,RW,,,
,,,,,12:8,S_WEIGHT_RB2,RW,,,
,,,,,4:0,S_WEIGHT_RB1,RW,,,
,,B1C,c_dpf_sp_weight_rb56,ISP_DPF_S_WEIGHT_RB_5_6,12:8,S_WEIGHT_RB6,RW,,,
,,,,,4:0,S_WEIGHT_RB5,RW,,,
,,B20,c_dpf_nll_y0,ISP_DPF_NLL_COEFF_0,9:0,nll_coeff_0,RW,,"Noise Level Lookup Table Coefficient nll_coeff_n 
10 bit unsigned, value range 1/1024 to 1023/1024 (*Default*)",
,,B24,c_dpf_nll_y1,ISP_DPF_NLL_COEFF_1,9:0,nll_coeff_1,RW,,,
,,B28,c_dpf_nll_y2,ISP_DPF_NLL_COEFF_2,9:0,nll_coeff_2,RW,,,
,,B2C,c_dpf_nll_y3,ISP_DPF_NLL_COEFF_3,9:0,nll_coeff_3,RW,,,
,,B30,c_dpf_nll_y4,ISP_DPF_NLL_COEFF_4,9:0,nll_coeff_4,RW,,,
,,B34,c_dpf_nll_y5,ISP_DPF_NLL_COEFF_5,9:0,nll_coeff_5,RW,,,
,,B38,c_dpf_nll_y6,ISP_DPF_NLL_COEFF_6,9:0,nll_coeff_6,RW,,,
,,B3C,c_dpf_nll_y7,ISP_DPF_NLL_COEFF_7,9:0,nll_coeff_7,RW,,,
,,B40,c_dpf_nll_y8,ISP_DPF_NLL_COEFF_8,9:0,nll_coeff_8,RW,,,
,,B44,c_dpf_nll_y9,ISP_DPF_NLL_COEFF_9,9:0,nll_coeff_9,RW,,,
,,B48,c_dpf_nll_y10,ISP_DPF_NLL_COEFF_10,9:0,nll_coeff_10,RW,,,
,,B4C,c_dpf_nll_y11,ISP_DPF_NLL_COEFF_11,9:0,nll_coeff_11,RW,,,
,,B50,c_dpf_nll_y12,ISP_DPF_NLL_COEFF_12,9:0,nll_coeff_12,RW,,,
,,B54,c_dpf_nll_y13,ISP_DPF_NLL_COEFF_13,9:0,nll_coeff_13,RW,,,
,,B58,c_dpf_nll_y14,ISP_DPF_NLL_COEFF_14,9:0,nll_coeff_14,RW,,,
,,B5C,c_dpf_nll_y15,ISP_DPF_NLL_COEFF_15,9:0,nll_coeff_15,RW,,,
,,B60,c_dpf_nll_y16,ISP_DPF_NLL_COEFF_16,9:0,nll_coeff_16,RW,,,
,,B64,c_dpf_nf_gain_r,ISP_DPF_NF_GAIN_R,11:0,DPF_NF_GAIN_R,RW,,"Noise Function (NF) Gain that replaces the AWB gain for R/GR/GB/B pixels.
12 bit unsigned integer format: gain=1 -> 0x100",
,,B68,c_dpf_nf_gain_gr,ISP_DPF_NF_GAIN_GR,11:0,DPF_NF_GAIN_GR,RW,,,
,,B6C,c_dpf_nf_gain_gb,ISP_DPF_NF_GAIN_GB,11:0,DPF_NF_GAIN_GB,RW,,,
,,B70,c_dpf_nf_gain_b,ISP_DPF_NF_GAIN_GB,11:0,DPF_NF_GAIN_B,RW,,,
NLM,4001B/1D,400,c_nlm_ctrl,ISP_NLM_CTRL,31,nlm_bypass_control,RW,,模块的开关（bypass）,
,,,,,1:0,nlm_regs_bay_pat,RW,,,
,,404,c_nlm_exp_a,ISP_NLM_EXP_A,11:0,nlm_x0_exp,RW,,降噪参数，影响降噪能力,
,,,,,31:20,nlm_x1_exp,RW,,,
,,408,c_nlm_exp_b,ISP_NLM_EXP_B,11:0,nlm_x2_exp,RW,,,
,,,,,31:20,nlm_x3_exp,RW,,,
,,40C,c_nlm_exp_c,ISP_NLM_EXP_C,11:0,nlm_x4_exp,RW,,,
,,,,,31:20,nlm_x5_exp,RW,,,
,,410,c_nlm_exp_d,ISP_NLM_EXP_D,11:0,nlm_x6_exp,RW,,,
,,414,c_nlm_exp_ctrl,ISP_NLM_EXP_CTRL,31,nlm_en_exp,RW,,,
,,,,,30,nlm_upgrade_exp,RW,,,
REC,4001B/1D,120,c_rec_bypass_control_cxy,,0,rec_bypass_control,RW,,模块的开关（bypass）,
,,,,,10:1,rec_cx,RW,,,
,,,,,20:11,rec_cy,RW,,,
,,124,c_rec_h00,ISP_REC_H00,21:0,rec_H00,RW,,,
,,128,c_rec_h01,ISP_REC_H01,21:0,rec_H01,RW,,,
,,12C,c_rec_h02,ISP_REC_H02,21:0,rec_H02,RW,,,
,,130,c_rec_h10,ISP_REC_H10,21:0,rec_H10,RW,,,
,,134,c_rec_h11,ISP_REC_H11,21:0,rec_H11,RW,,,
,,138,c_rec_h12,ISP_REC_H12,21:0,rec_H12,RW,,,
,,13C,c_rec_h20,ISP_REC_H20,21:0,rec_H20,RW,,,
,,140,c_rec_h21,ISP_REC_H21,21:0,rec_H21,RW,,,
,,144,c_rec_h22,ISP_REC_H22,21:0,rec_H22,RW,,,
,,148,c_rec_k12,ISP_REC_K12,15:0,rec_k1,RW,,,
,,,,,31:16,rec_k2,RW,,,
,,14C,c_rec_fxy0,ISP_REC_FXY0,11:0,rec_fxo,RW,,,
,,,,,23:12,rec_fyo,RW,,,
Filter,4001B/1D,800,c_filt_mode,ISP_FILT_MODE,11:8,stage1_select,RW,,"模块的开关（bypass）
1 enable filter 
0 bypass filter Default",
,,,,,7:6,filt_chr_h_mode,RW,,"0 green filter static mode (active filter factor = FILT_FAC_MID) 
1 dynamic noise reduction/sharpen Default",
,,,,,5:4,filt_chr_v_mode,RW,,"Chroma filter vertical mode 
00 vertical chroma filter bypass 
01 vertical chroma filter 1 static [8 16 8] 
10 vertical chroma filter 2 static [10 12 10] 
11 vertical chroma filter 3 static [12 8 12] Default",
,,,,,1,filt_mode,RW,,"Chroma filter horizontal mode 
00 horizontal chroma filter bypass 
01 horizontal chroma filter 1 static mask = [10 12 10] 
10 horizontal chroma filter 2 (dynamic blur1) 
11 horizontal chroma filter 3 (dynamic blur2) Default",
,,,,,0,filt_enable,RW,,"Green filter stage 1 select (range 0x0...0x8) 
0x0 maximum blurring 
0x4 Default 
0x7 minimum blurring 
0x8 filter stage1 bypass 
For a detailed description refer to chapter ""ISP Filter 
Programming"" of user manual",
,,828,c_filt_thres_bl0,ISP_FILT_THRESH_BL0,9:0,filt_thresh_bl0,RW,,"If filt_thresh_bl1 < sum_grad < filt_thresh_bl0 then filt_fac_bl0 is 
selected",
,,82C,c_filt_thres_bl1,ISP_FILT_THRESH_BL1,9:0,filt_thresh_bl1,RW,,If sum_grad < filt_thresh_bl1 then filt_fac_bl1 is selected,
,,830,c_filt_thres_sh0,ISP_FILT_THRESH_SH0,9:0,filt_thresh_sh0,RW,,If filt_thresh_sh0 < sum_grad < filt_thresh_sh1 then filt_thresh_sh0 is selected,
,,834,c_filt_thres_sh1,ISP_FILT_THRESH_SH1,9:0,filt_thresh_sh1,RW,,f filt_thresh_sh1 < sum_grad then filt_thresh_sh1 is selected,
,,838,c_filt_lum_weigt,ISP_FILT_LUM_WEIGHT,18:16,lum_weight_gain,RW,,Gain select of luminance weight function,
,,,,,15:8,lum_weight_kink,RW,,Kink position of luminance weight function,
,,,,,7:0,lum_weight_min,RW,,Minimum value of luminance weight function,
,,83C,c_filt_fac_sh1,ISP_FILT_FAC_SH1,5:0,filt_fac_sh1,RW,,Filter factor for sharp1 level,
,,840,c_filt_fac_sh0,ISP_FILT_FAC_SH0,5:0,filt_fac_sh0,RW,,Filter factor for sharp0 level,
,,844,c_filt_fac_mid,ISP_FILT_FAC_MID,5:0,filt_fac_mid,RW,,Filter factor for mid level and for static filter mode,
,,848,c_filt_fac_bl0,ISP_FILT_FAC_BL0,5:0,filt_fac_bl0,RW,,Filter factor for blur 0 level,
,,84C,c_filt_fac_bl1,ISP_FILT_FAC_BL1,5:0,filt_fac_bl1,RW,,Filter factor for blur 1 level (max blur),
CAC,4001B/1D,880,c_cac_ctrl,ISP_CAC_CTRL,0,cac_en,RW,,"0: chromatic aberration correction off 
1: chromatic aberration correction on",
,,,,,2:1,v_clip_mode,RW,,"Defines the maximum red/blue pixel shift in vertical direction 
00: Set vertical vector clipping to +/-2 pixel ; fix filter_enable? (Default) 
01: Set vertical vector clipping to +/-3 pixel; dynamic 
filter_enable for chroma low pass filter 
10: Set vertical vector clipping +/-3 or +/-4 pixel displacement depending on pixel position inside the Bayer raster (dynamic switching between +/-3 and +/-4) 
11: reserved",
,,,,,3,h_clip_mode,RW,,"Defines the maximum red/blue pixel shift in horizontal direction? At pixel positions, that require a larger displacement, the maximum shift value is used instead (vector clipping) 
0: Set horizontal vector clipping to +/-4 pixel displacement (Default) 
1: Set horizontal vector clipping to +/-4 or +/-5 pixel 
displacement depending on pixel position inside the Bayer raster (dynamic switching between +/-4 and +/-5)",
,,884,c_cac_count_start,ISP_CAC_COUNT_START,28:16,v_count_start,RW,,"13 bit v_count preload value (range 8191 ... 1) of the vertical CAC line counter. Before frame start v_count has to be preloaded with (v_size/2 + v_center_offset), with v_size the image height and v_center_offset the vertical distance between image center and optical center. 
After frame start the v_count decrements with every line until a value of zero is reached for the line in the optical center. Than the v_sign bit toggles and the v_counter decrements with every line until end of frame.",
,,,,,12:0,h_count_start,RW,,"13 bit h_count preload value (range 8191 .. 1) of the horizontal CAC pixel counter. Before line start h_count has to be preloaded with (h_size/2 + h_center_offset), with h_size the image width and h_center_offset the horizontal distance between image center and optical center. 
After line start the h_count decrements with every pixel until a value of zero is reached for the column in the optical center. Than the h_sign bit toggles and the h_counter increments with every pixel until end of line.",
,,888,c_cac_a,ISP_CAC_A,24:16,A_Blue,RW,,"Parameter A_Blue for radial blue shift calculation, according to (A_Blue * r + B_Blue * r^2 + C_Blue * r^3). 
It is a 9 bit twos complement integer with 4 fractional digits value and value range from -16 up to 15.9375.",
,,,,,8:0,A_Red,RW,,"Parameter A_Red for radial red shift calculation, according to (A_Red * r + B_Red * r^2 + C_Red * r^3). 
It is a 9 bit twos complement integer with 4 fractional digits value and value range from -16 up to 15.9375.",
,,88C,c_cac_b,ISP_CAC_B,24:16,B_Blue,RW,,"Parameter B_Blue for radial blue shift calculation, according to (A_Blue * r + B_Blue * r^2 + C_Blue * r^3). 
It is a 9 bit twos complement integer with 4 fractional digits value and value range from -16 up to 15.9375.",
,,,,,8:0,B_Red,RW,,"Parameter B_Red for radial red shift calculation, according to (A_Red * r + B_Red * r^2 + C_Red * r^3). 
It is a 9 bit twos complement integer with 4 fractional digits value and value range from -16 up to 15.9375.",
,,890,c_cac_c,ISP_CAC_C,24:16,C_Blue,RW,,"Parameter C_Blue for radial blue shift calculation, according to (A_Blue * r + B_Blue * r^2 + C_Blue * r^3). 
It is a 9 bit twos complement integer with 4 fractional digits value and value range from -16 up to 15.9375.",
,,,,,8:0,C_Red,RW,,"Parameter C_Red for radial red shift calculation, according to (A_Red * r + B_Red * r^2 + C_Red * r^3). 
It is a 9 bit twos complement integer with 4 fractional digits value and value range from -16 up to 15.9375.",
,,894,c_cac_x_norm,ISP_CAC_X_NORM,19:16,x_ns,RW,,"Horizontal normalization shift parameter x_ns (4 bit unsigned integer) in equation 
x_d[7:0] = (((h_count << 4) >> x_ns) * x_nf) >> 5",
,,,,,4:0,x_nf,RW,,"Horizontal scaling or normalization factor x_nf (5 bit unsigned integer) range 0 .. 31 in equation 
x_d[7:0] = (((h_count << 4) >> x_ns) * x_nf) >> 5",
,,898,c_cac_y_norm,ISP_CAC_Y_NORM,19:16,y_ns,RW,,"Vertical normalization shift parameter y_ns (4 bit unsigned integer) in equation 
y_d[7:0] = (((v_count << 4) >> y_ns) * y_nf) >> 5",
,,,,,4:0,y_nf,RW,,"Vertical scaling or normalization factor y_nf (5 bit unsigned integer) range 0 .. 31 in equation 
y_d[7:0] = (((v_count << 4) >> y_ns) * y_nf) >> 5",
CNR,4001B/1D,290,c_cnr_linesize,ISP_CNR_LINESIZE,13:0,cnr_linesize,RW,,horizontal image size for chroma noise reduction,
,,294,c_cnr_threshold_c1,ISP_CNR_THRESHOLD_C1,14:0,cnr_threshold_c1,RW,,"Avoid filtering at edges for C1 by using low threshold values for C1 chroma noise filtering. 
0: No filtering 
32767: all samples are filtered",
,,298,c_cnr_threshold_c2,ISP_CNR_THRESHOLD_C2,14:0,cnr_threshold_c2,RW,,"Avoid filtering at edges for C2 by using low threshold values for C2 chroma noise filtering. 
0: No filtering 
32767: all samples are filtered.",
X-talk,,1B0,c_ct_coeff_0,ISP_CT_COEFF_0,10:0,ct_coeff_0,RW,,"Coefficient n for cross talk matrix. Values are 11-bit signed fixed-point numbers with 4 bit integer and 7 bit fractional part, ranging from -8 (0x400) to +7.992 (0x3FF). 0 is reprsented by 0x000 and a coefficient value of 1 as 0x080.
Reset values generate a matrix which does not modify the pixel values. Reset values are: coeff_0 = 0x80, coeff_1 = 0x00, coeff_2 = 0x00, coeff_3 = 0x00, coeff_4 = 0x80, coeff_5 = 0x00, coeff_6 = 0x00, coeff_7 = 0x00, coeff_8 = 0x80",
,,1B4,c_ct_coeff_1,ISP_CT_COEFF_1,10:0,ct_coeff_1,RW,,,
,,1B8,c_ct_coeff_2,ISP_CT_COEFF_2,10:0,ct_coeff_2,RW,,,
,,1BC,c_ct_coeff_3,ISP_CT_COEFF_3,10:0,ct_coeff_3,RW,,,
,,1C0,c_ct_coeff_4,ISP_CT_COEFF_4,10:0,ct_coeff_4,RW,,,
,,1C4,c_ct_coeff_5,ISP_CT_COEFF_5,10:0,ct_coeff_5,RW,,,
,,1C8,c_ct_coeff_6,ISP_CT_COEFF_6,10:0,ct_coeff_6,RW,,,
,,1CC,c_ct_coeff_7,ISP_CT_COEFF_7,10:0,ct_coeff_7,RW,,,
,,1D0,c_ct_coeff_8,ISP_CT_COEFF_8,10:0,ct_coeff_8,RW,,,
,,228,c_ct_offset_r,ISP_CT_OFFSET_R,11:0,ct_offset_r,RW,,Offset red/green/blue for cross talk matrix. Two's complement integer number ranging from -2048 (0x800) to 2047 (0x7FF). 0 is represented as 0x000.,
,,22C,c_ct_offset_g,ISP_CT_OFFSET_G,11:0,ct_offset_g,RW,,,
,,230,c_ct_offset_b,ISP_CT_OFFSET_B,11:0,ct_offset_b,RW,,,
Gamma_out,4001B/1D,1D4,c_gamma_out_mod,ISP_GAMMA_OUT_MODE,0,equ_segm,RW,,"0: logarithmic like segmentation of gamma curve (default after reset) 
segmentation from 0 to 4095: 64 64 64 64 128 128 128 128 256 256 256 512 512 512 512 512 
1: equidistant segmentation (all 16 segments are 256 )",
,,1D8,c_gamma_out_y0,ISP_GAMMA_OUT_Y_0,9:0,isp_gamma_out_y_0,RW,,"Gamma_out curve point definition y-axis (output) for all color components (red,green,blue) 
RESTRICTION: The difference between two Y_n (dy = Y_n -Y_n-1) is restricted to +511/-512 (10 bit signed)!
NOTE: Reset values generate a standard gamma of 2.2. Reset values are: 
y_00 = 0x000, y_01 = 0x049, y_02 = 0x089, y_03 = 0x0B7, y_04 = 0x0DF, y_05 = 0x11F, y_06 = 0x154, y_07 = 0x183, y_08 = 0x1AD, y_09 = 0x1F6, y_10 = 0x235, y_11 = 0x26F, y_12 = 0x2D3, y_13 = 0x32A, y_14 = 0x378, y_15 = 0x3BF, y_16 = 0x3FF",
,,1DC,c_gamma_out_y1,ISP_GAMMA_OUT_Y_1,9:0,isp_gamma_out_y_1,RW,,,
,,1E0,c_gamma_out_y2,ISP_GAMMA_OUT_Y_2,9:0,isp_gamma_out_y_2,RW,,,
,,1E4,c_gamma_out_y3,ISP_GAMMA_OUT_Y_3,9:0,isp_gamma_out_y_3,RW,,,
,,1E8,c_gamma_out_y4,ISP_GAMMA_OUT_Y_4,9:0,isp_gamma_out_y_4,RW,,,
,,1EC,c_gamma_out_y5,ISP_GAMMA_OUT_Y_5,9:0,isp_gamma_out_y_5,RW,,,
,,1F0,c_gamma_out_y6,ISP_GAMMA_OUT_Y_6,9:0,isp_gamma_out_y_6,RW,,,
,,1F4,c_gamma_out_y7,ISP_GAMMA_OUT_Y_7,9:0,isp_gamma_out_y_7,RW,,,
,,1F8,c_gamma_out_y8,ISP_GAMMA_OUT_Y_8,9:0,isp_gamma_out_y_8,RW,,,
,,1FC,c_gamma_out_y9,ISP_GAMMA_OUT_Y_9,9:0,isp_gamma_out_y_9,RW,,,
,,200,c_gamma_out_y10,ISP_GAMMA_OUT_Y_10,9:0,isp_gamma_out_y_10,RW,,,
,,204,c_gamma_out_y11,ISP_GAMMA_OUT_Y_11,9:0,isp_gamma_out_y_11,RW,,,
,,208,c_gamma_out_y12,ISP_GAMMA_OUT_Y_12,9:0,isp_gamma_out_y_12,RW,,,
,,20C,c_gamma_out_y13,ISP_GAMMA_OUT_Y_13,9:0,isp_gamma_out_y_13,RW,,,
,,210,c_gamma_out_y14,ISP_GAMMA_OUT_Y_14,9:0,isp_gamma_out_y_14,RW,,,
,,214,c_gamma_out_y15,ISP_GAMMA_OUT_Y_15,9:0,isp_gamma_out_y_15,RW,,,
,,218,c_gamma_out_y16,ISP_GAMMA_OUT_Y_16,9:0,isp_gamma_out_y_16,RW,,,
CSM,4001B/1D,150,c_cc_coeff_0,ISP_CC_COEFF_0,8:0,cc_coeff_0,RW,,"coefficient for color space conversion
eg:
33/128= 0.2578|prev 32/128 (0x020)|ref: 0.257
64/128= 0.5?? |prev 64/128 (0x040)|ref: 0.504
13/128= 0.1015|prev 12/128 (0x00c)|ref: 0.098
-19/128=-0.1484|prev-18/128 (0x1ee)|ref:-0.148
-37/128=-0.2890|prev-38/128 (0x1db)|ref:-0.291
56/128= 0.4375|prev 56/128 (0x038)|ref: 0.439
56/128= 0.4375|prev 56/128 (0x038)|ref: 0.439
-47/128=-0.3671|prev-48/128 (0x1d0)|ref:-0.368
-9/128=-0.0703/prev-10/128 (0x1f6)|ref:-0.071",
,,154,c_cc_coeff_1,ISP_CC_COEFF_1,8:0,cc_coeff_1,RW,,,
,,158,c_cc_coeff_2,ISP_CC_COEFF_2,8:0,cc_coeff_2,RW,,,
,,15C,c_cc_coeff_3,ISP_CC_COEFF_3,8:0,cc_coeff_3,RW,,,
,,160,c_cc_coeff_4,ISP_CC_COEFF_4,8:0,cc_coeff_4,RW,,,
,,164,c_cc_coeff_5,ISP_CC_COEFF_5,8:0,cc_coeff_5,RW,,,
,,168,c_cc_coeff_6,ISP_CC_COEFF_6,8:0,cc_coeff_6,RW,,,
,,16C,c_cc_coeff_7,ISP_CC_COEFF_7,8:0,cc_coeff_7,RW,,,
,,170,c_cc_coeff_8,ISP_CC_COEFF_8,8:0,cc_coeff_8,RW,,,
EXP,4001B/1D,900,c_exp_conf   ,ISP_EXP_CTRL,31,exp_meas_mode,RW,,"'1' luminance calculation according to
Y=(R+G+B) x 0.332 (85/256)
'0' luminance calculation according to
Y=16+0.25R+0.5G+0.1094B",
,,,,,1,autostop,RW,,"'1' stop measuring after a complete frame
'0' continous measurement",
,,,,,0,exp_start,RW,,"'1' start measuring a frame. The exp block will reset this bit and
halt after completing one frame, if bit ""autostop"" is set to '1'.",
,,904,c_exp_h_offset,ISP_EXP_H_OFFSET,12:0,isp_exp_h_offset,RW,,"Horizontal offset of first block in pixels.
0 <= value <= 2424",
,,908,c_exp_v_offset,ISP_EXP_V_OFFSET,12:0,isp_exp_v_offset,RW,,"Vertical offset of first block in pixels.
0 <= value <= 1806",
,,90C,c_exp_h_size ,ISP_EXP_H_SIZE ,10:0,isp_exp_h_size,RW,,"Horizontal size in pixels of one block.
35 <= value <= 516",
,,910,c_exp_v_size ,ISP_EXP_V_SIZE ,10:0,isp_exp_v_size,RW,,"Vertical size in pixels of one block.
28 <= value <= 390",
,,914,c_exp_mean_00,ISP_EXP_MEAN_00,7:0,exp_mean_00,R,,"Mean luminance value of block 00(x,y)",
,,918,c_exp_mean_10,ISP_EXP_MEAN_10,7:0,exp_mean_10,R,,Mean luminance value of block 10,
,,91c,c_exp_mean_20,ISP_EXP_MEAN_20,7:0,exp_mean_20,R,,Mean luminance value of block 20,
,,920,c_exp_mean_30,ISP_EXP_MEAN_30,7:0,exp_mean_30,R,,Mean luminance value of block 30,
,,924,c_exp_mean_40,ISP_EXP_MEAN_40,7:0,exp_mean_40,R,,Mean luminance value of block 40,
,,928,c_exp_mean_01,ISP_EXP_MEAN_01,7:0,exp_mean_01,R,,Mean luminance value of block 01,
,,92c,c_exp_mean_11,ISP_EXP_MEAN_11,7:0,exp_mean_11,R,,Mean luminance value of block 11,
,,930,c_exp_mean_21,ISP_EXP_MEAN_21,7:0,exp_mean_21,R,,Mean luminance value of block 21,
,,934,c_exp_mean_31,ISP_EXP_MEAN_31,7:0,exp_mean_31,R,,Mean luminance value of block 31,
,,938,c_exp_mean_41,ISP_EXP_MEAN_41,7:0,exp_mean_41,R,,Mean luminance value of block 41,
,,93c,c_exp_mean_02,ISP_EXP_MEAN_02,7:0,exp_mean_02,R,,Mean luminance value of block 02,
,,940,c_exp_mean_12,ISP_EXP_MEAN_12,7:0,exp_mean_12,R,,Mean luminance value of block 12,
,,944,c_exp_mean_22,ISP_EXP_MEAN_22,7:0,exp_mean_22,R,,Mean luminance value of block 22,
,,948,c_exp_mean_32,ISP_EXP_MEAN_32,7:0,exp_mean_32,R,,Mean luminance value of block 32,
,,94c,c_exp_mean_42,ISP_EXP_MEAN_42,7:0,exp_mean_42,R,,Mean luminance value of block 42,
,,950,c_exp_mean_03,ISP_EXP_MEAN_03,7:0,exp_mean_03,R,,Mean luminance value of block 03,
,,954,c_exp_mean_13,ISP_EXP_MEAN_13,7:0,exp_mean_13,R,,Mean luminance value of block 13,
,,958,c_exp_mean_23,ISP_EXP_MEAN_23,7:0,exp_mean_23,R,,Mean luminance value of block 23,
,,95c,c_exp_mean_33,ISP_EXP_MEAN_33,7:0,exp_mean_33,R,,Mean luminance value of block 33,
,,960,c_exp_mean_43,ISP_EXP_MEAN_43,7:0,exp_mean_43,R,,Mean luminance value of block 43,
,,964,c_exp_mean_04,ISP_EXP_MEAN_04,7:0,exp_mean_04,R,,Mean luminance value of block 04,
,,968,c_exp_mean_14,ISP_EXP_MEAN_14,7:0,exp_mean_14,R,,Mean luminance value of block 14,
,,96c,c_exp_mean_24,ISP_EXP_MEAN_24,7:0,exp_mean_24,R,,Mean luminance value of block 24,
,,970,c_exp_mean_34,ISP_EXP_MEAN_34,7:0,exp_mean_34,R,,Mean luminance value of block 34,
,,974,c_exp_mean_44,ISP_EXP_MEAN_44,7:0,exp_mean_44,R,,Mean luminance value of block 44,
HIST,4001B/1D,700,c_hist_prop ,ISP_HIST_PROP,9:3,stepsize,RW,,"histogram predivider, process every (stepsize)th pixel, all other
pixels are skipped
0,1,2: not allowed
3: process every third input pixel
4: process every fourth input pixel
...
7FH: process every 127th pixel",7'd0
,,,,,2:0,hist_mode,RW,,"histogram mode, luminance is taken at ISP output before output
formatter, RGB is taken at xtalk output
7, 6: must not be used
5: Y (luminance) histogram
4: B histogram
3: G histogram
2: R histogram
1: RGB combined histogram
0: disable, no measurements",3'd0
,,704,c_hist_h_offs,ISP_HIST_H_OFFS,12:0,hist_h_offs  ,RW,,"Horizontal offset of first window in pixels.
histogram measurement is done in 25 sub-windows like the exposure measurement, if histogram
version 3 is implemented. All earlier versions use just one window.",13'd0
,,708,c_hist_v_offs,ISP_HIST_V_OFFS,12:0,hist_v_offs  ,RW,,Vertical offset of first window in pixels.,13'd0
,,70C,c_hist_h_size,ISP_HIST_H_SIZE,10:0,hist_h_size  ,RW,,"Horizontal size in pixels of one sub-window, if histogram version 3 is implemented.
hist_h_offset + hist_h_size x 5 should be less than or equal to the horizontal size of the picture, if histogram version 3 is implemented. Otherwise hist_h_size is the horizontal size of the measurement window in pixels.",11'd0
,,710,c_hist_v_size,ISP_HIST_V_SIZE,10:0,hist_v_size  ,RW,,"Vertical size in lines of one sub-window, if histogram version 3 is implemented.",11'd0
,,714,c_hist_bin_0,ISP_HIST_BIN_0,19:0,hist_bin_0,R,,measured bin count as 16-bit unsigned integer value plus 4 bit fractional part,
,,718,c_hist_bin_1,ISP_HIST_BIN_1,19:0,hist_bin_1,R,,measured bin count as 16-bit unsigned integer value plus 4 bit fractional part,
,,71C,c_hist_bin_2,ISP_HIST_BIN_2,19:0,hist_bin_2,R,,measured bin count as 16-bit unsigned integer value plus 4 bit fractional part,
,,720,c_hist_bin_3,ISP_HIST_BIN_3,19:0,hist_bin_3,R,,measured bin count as 16-bit unsigned integer value plus 4 bit fractional part,
,,724,c_hist_bin_4,ISP_HIST_BIN_4,19:0,hist_bin_4,R,,measured bin count as 16-bit unsigned integer value plus 4 bit fractional part,
,,728,c_hist_bin_5,ISP_HIST_BIN_5,19:0,hist_bin_5,R,,measured bin count as 16-bit unsigned integer value plus 4 bit fractional part,
,,72C,c_hist_bin_6,ISP_HIST_BIN_6,19:0,hist_bin_6,R,,measured bin count as 16-bit unsigned integer value plus 4 bit fractional part,
,,730,c_hist_bin_7,ISP_HIST_BIN_7,19:0,hist_bin_7,R,,measured bin count as 16-bit unsigned integer value plus 4 bit fractional part,
,,734,c_hist_bin_8,ISP_HIST_BIN_8,19:0,hist_bin_8,R,,measured bin count as 16-bit unsigned integer value plus 4 bit fractional part,
,,738,c_hist_bin_9,ISP_HIST_BIN_9,19:0,hist_bin_9,R,,measured bin count as 16-bit unsigned integer value plus 4 bit fractional part,
,,73C,c_hist_bin_10,ISP_HIST_BIN_10,19:0,hist_bin_10,R,,measured bin count as 16-bit unsigned integer value plus 4 bit fractional part,
,,740,c_hist_bin_11,ISP_HIST_BIN_11,19:0,hist_bin_11,R,,measured bin count as 16-bit unsigned integer value plus 4 bit fractional part,
,,744,c_hist_bin_12,ISP_HIST_BIN_12,19:0,hist_bin_12,R,,measured bin count as 16-bit unsigned integer value plus 4 bit fractional part,
,,748,c_hist_bin_13,ISP_HIST_BIN_13,19:0,hist_bin_13,R,,measured bin count as 16-bit unsigned integer value plus 4 bit fractional part,
,,74C,c_hist_bin_14,ISP_HIST_BIN_14,19:0,hist_bin_14,R,,measured bin count as 16-bit unsigned integer value plus 4 bit fractional part,
,,750,c_hist_bin_15,ISP_HIST_BIN_15,19:0,hist_bin_15,R,,measured bin count as 16-bit unsigned integer value plus 4 bit fractional part,
,,754,c_hist_weight_00to30,ISP_HIST_WEIGHT_00TO30,4:0,hist_weight_00,RW,,weighting factor for sub-window 00(the same below),5'd16
,,,,,12:8,hist_weight_10,RW,,weighting factor for sub-window 01(the same below),
,,,,,20:16,hist_weight_20,RW,,weighting factor for sub-window 02(the same below),
,,,,,28:24,hist_weight_30,RW,,weighting factor for sub-window 03(the same below),
,,758,c_hist_weight_40to21,ISP_HIST_WEIGHT_40TO21,4:0,hist_weight_40,RW,,weighting factor for sub-window 40(the same below),5'd16
,,,,,12:8,hist_weight_01,RW,,,
,,,,,20:16,hist_weight_11,RW,,,
,,,,,28:24,hist_weight_21,RW,,,
,,75C,c_hist_weight_31to12,ISP_HIST_WEIGHT_31TO12,4:0,hist_weight_31,RW,,weighting factor for sub-window 31(the same below),5'd16
,,,,,12:8,hist_weight_41,RW,,,
,,,,,20:16,hist_weight_02,RW,,,
,,,,,28:24,hist_weight_12,RW,,,
,,760,c_hist_weight_22to03,ISP_HIST_WEIGHT_22TO03,4:0,hist_weight_22,RW,,weighting factor for sub-window 22(the same below),5'd16
,,,,,12:8,hist_weight_32,RW,,,
,,,,,20:16,hist_weight_42,RW,,,
,,,,,28:24,hist_weight_03,RW,,,
,,764,c_hist_weight_13to43,ISP_HIST_WEIGHT_13TO43,4:0,hist_weight_13,RW,,weighting factor for sub-window 13(the same below),5'd16
,,,,,12:8,hist_weight_23,RW,,,
,,,,,20:16,hist_weight_33,RW,,,
,,,,,28:24,hist_weight_43,RW,,,
,,768,c_hist_weight_04to34,ISP_HIST_WEIGHT_04TO34,4:0,hist_weight_04,RW,,weighting factor for sub-window 04(the same below),5'd16
,,,,,12:8,hist_weight_14,RW,,,
,,,,,20:16,hist_weight_24,RW,,,
,,,,,28:24,hist_weight_34,RW,,,
,,76C,c_hist_weight_44,ISP_HIST_WEIGHT_44    ,4:0,hist_weight_44,RW,,weighting factor for sub-window 44(the same below),5'd16
AWB,4001B/1D,0F0,c_awb_prop,ISP_AWB_PROP,31,AWB_MEAS_MODE,RW,,"1: RGB based measurement mode
0: near white discrimination mode using YCbCr color space",
,,,,,2,AWB_MAX_EN,RW,,"1: enable Y_MAX compare
0: disable Y_MAX compare
Not valid in RGB measurement mode.",
,,,,,1:0,AWB_MODE,RW,,"AWB_MODE(1:0):
11: reserved
10: measurement of YCbCr means (AWB_MEAS_MODE = 0)
or RGB means (AWB_MEAS_MODE = 1)
01: reserved
00: no measurement",
,,0F4,c_awb_h_offs_old,ISP_AWB_H_OFFS,12:0,AWB_H_OFFS,RW,,horizontal window offset in pixel,
,,0F8,c_awb_v_offs_old,ISP_AWB_V_OFFS,12:0,AWB_V_OFFS,RW,,vertical window offset in lines,
,,0FC,c_awb_h_size_old,ISP_AWB_H_SIZE,13:0,AWB_H_SIZE,RW,,horizontal measurement window size in pixel,
,,100,c_awb_v_size_old,ISP_AWB_V_SIZE,13:0,AWB_V_SIZE,RW,,vertical measurement window size in lines,
,,104,c_awb_frames,ISP_AWB_FRAMES,2:0,AWB_FRAMES,RW,,"number of frames-1 used for mean value calculation (value of 0
means 1 frame, value of 7 means 8 frames)",
,,108,c_awb_ref,ISP_AWB_REF,15:8,AWB_REF_CR__MAX_R,RW,,"- reference Cr value for AWB regulation, target for AWB
- maximum red value, if RGB measurement mode is selected",
,,,,,7:0,AWB_REF_CB__MAX_B,RW,,"- reference Cb value for AWB regulation, target for AWB
- maximum blue value, if RGB measurement mode is selected",
,,10C,c_awb_thres,ISP_AWB_THRESH,31:24,AWB_MAX_Y,RW,,"Luminance maximum value, only consider pixels with luminance smaller than threshold for the WB measurement (must be enabled by register AWB_MODE bit AWB_MAX_EN). Not valid for RGB measurement mode.",
,,,,,23:16,AWB_MIN_Y__MAX_G,RW,,"- Luminance minimum value, only consider pixels with luminance greater than threshold for the WB measurement
- maximum green value, if RGB measurement mode is selected",
,,,,,15:8,AWB_MAX_CSUM,RW,,"Chrominance sum maximum value, only consider pixels with Cb+Cr smaller than threshold for WB measurements",
,,,,,7:0,AWB_MIN_C,RW,,"Chrominance minimum value, only consider pixels with Cb/Cr each greater than threshold value for WB measurements",
,,110,c_awb_gain_g,ISP_AWB_GAIN_G,25:16,AWB_GAIN_GR,RW,,"gain value for green component in red line 100h = 1, unsigned integer value, range 0 to 4 with 8 bit fractional part",
,,,,,9:0,AWB_GAIN_GB,RW,,"gain value for green component in blue line 100h = 1, unsigned integer value, range 0 to 4 with 8 bit fractional part",
,,114,c_awb_gain_rb,ISP_AWB_GAIN_RB,25:16,AWB_GAIN_R,RW,,"gain value for red component 100h = 1, unsigned integer value, range 0 to 4 with 8 bit fractional par",
,,,,,9:0,AWB_GAIN_B,RW,,"gain value for blue component 100h = 1, unsigned integer value, range 0 to 4 with 8 bit fractional part",
,,118,c_awb_white_cnt,ISP_AWB_WHITE_CNT,25:0,AWB_WHITE_CNT,R,,"White pixel count, number of ""white pixels"" found during last measurement, i.e. pixels included in mean value calculation",
,,11C,c_awb_mean,ISP_AWB_MEAN,23:16,AWB_MEAN_Y__G,R,,"- mean value of Y within window and frames
- mean value of green, if RGB measurement mode is selected",
,,,,,15:8,AWB_MEAN_CB__B,R,,"- mean value of Cb within window and frames
- mean value of blue, if RGB measurement mode is selected",
,,,,,7:0,AWB_MEAN_CR__R,R,,"- mean value of Cr within window and frames
- mean value of red, if RGB measurement mode is selected",
SRAM,4001B/1D,29C,c_sram_ce,ISP_NLM_SRAM_CE,1,nlm_sram_ce,RW,,,
,,,,ISP_REC_SRAM_CE,0,rec_sram_ce,RW,,,
